,,
,Item,category
,Chili Powder 50g,spices
,Chili Powder 100g,spices
,Chili Powder 250g,spices
,Chili Powder 500g,spices
,Chili Pieces 50g,spices
,Chili Pieces 100g,spices
,Chili Pieces 250g,spices
,Chili Pieces 500g,spices
,Curry Powder 50g,spices
,Curry Powder 100g,spices
,Curry Powder 250g,spices
,Curry Powder 500g,spices
,Meat Curry 50g,spices
,Meat Curry 100g,spices
,Meat Curry 250g,spices
,Meat Curry 500g,spices
,R/Curry Powder 50g,spices
,R/Curry Powder 100g,spices
,R/Curry Powder 250g,spices
,R/Curry Powder 500g,spices
,Turmeric Powder 25g,spices
,Turmeric Powder 50g,spices
,Turmeric Powder 100g,spices
,Pepper Powder 50g,spices
,Pepper Powder 100g,spices
,Pepper Powder 250g,spices
,Pepper Powder 500g,spices
,Pepper Seeds 50g,spices
,Pepper Seeds 100g,spices
,Pepper Seeds 250g,spices
,Garam Masala 50g,spices
,Garam Masala 100g,spices
,Musterd Seeds 50g,spices
,Musterd Seeds 100g,spices
,Musterd Powder 50g,spices
,Musterd Powder 100g,spices
,Dill Seeds 50g,spices
,Dill Seeds 100g,spices
,R/Dill Seeds 50g,spices
,R/Dill Seeds 100g,spices
,Lime Pickle 100g Packet ,spices
,Lime Pickle 100g  cup,spices
,Lime Pickle 250g  cup,spices
,Sweet Tamarind 100g ,spices
,Sweet Tamarind 250g,spices
,Tamarind Paste 100g,spices
,Maldive Fish Sambol 40g,spices
,Koonisso Sambol 40g,spices
,Gamboge Paste 100g,spices
,Gamboge Paste 250g,spices
,Salted Mango 140g,spices
,Barli Powder 100g,spices
,Barli Powder Box 100g,spices
,Cinnamon Powder 25g,spices
,Cinnamon Powder 50g,spices
,Nut  meg Powder 25g,spices
,Kurakkan Flour 200g,spices
,Kurakkan Flour 400g,spices
,Gram Flour 200g,spices
,Gram Flour 500g,spices
,Undu Flour 150g,spices
,Ginger Roll 12 Pack,spices
,Ginger Roll 24 Pack,spices
,Ginger Ball 12 Pack,spices
,Ginger Ball 50 Pack,spices
,Meat Curry Powder Card,spices
,Koonisso Sambol Card,spices
,Umbalakada Sambol Card,spices
,Pepper Powder Card,spices
,Pepper Seeds Card,spices
,Chili Picecs 1000g,spices
,Chili Powder 1000g,spices
,Sweet Tamarind Card ,spices
,Gram Flour 1kg,spices